-- ============================================================
-- Seed Data: Realistic Construction Finance Mock Data
-- 1 org, 3 projects, 10 trades, ~45 packages
-- ============================================================

-- Organization
insert into organizations (id, name) values
  ('a1b2c3d4-0000-0000-0000-000000000001', 'Apex Construction Group');

-- Demo user
insert into users (id, email, full_name, org_id, role) values
  ('a0000001-0000-0000-0000-000000000001', 'demo[at]apexconstruction.com', 'Sarah Mitchell', 'a1b2c3d4-0000-0000-0000-000000000001', 'owner');

-- ============================================================
-- Projects
-- ============================================================
insert into projects (id, org_id, name, code, status, address, city, state, start_date, estimated_completion, original_contract_value) values
  ('b0000001-0000-0000-0000-000000000001', 'a1b2c3d4-0000-0000-0000-000000000001',
   'Downtown Office Tower', 'PRJ-001', 'active',
   '450 Main Street', 'Austin', 'TX', '2025-03-01', '2026-09-30', 28500000.00),

  ('b0000002-0000-0000-0000-000000000002', 'a1b2c3d4-0000-0000-0000-000000000001',
   'Riverside Medical Center', 'PRJ-002', 'active',
   '1200 River Road', 'Austin', 'TX', '2025-06-15', '2027-01-31', 42000000.00),

  ('b0000003-0000-0000-0000-000000000003', 'a1b2c3d4-0000-0000-0000-000000000001',
   'Lakewood Elementary Renovation', 'PRJ-003', 'active',
   '88 School Lane', 'Round Rock', 'TX', '2025-09-01', '2026-06-30', 8200000.00);

-- ============================================================
-- Trades (CSI MasterFormat divisions)
-- ============================================================
insert into trades (id, org_id, name, csi_code) values
  ('c0000001-0000-0000-0000-000000000001', 'a1b2c3d4-0000-0000-0000-000000000001', 'Concrete',     '03 00 00'),
  ('c0000002-0000-0000-0000-000000000002', 'a1b2c3d4-0000-0000-0000-000000000001', 'Masonry',      '04 00 00'),
  ('c0000003-0000-0000-0000-000000000003', 'a1b2c3d4-0000-0000-0000-000000000001', 'Metals',       '05 00 00'),
  ('c0000004-0000-0000-0000-000000000004', 'a1b2c3d4-0000-0000-0000-000000000001', 'Electrical',   '26 00 00'),
  ('c0000005-0000-0000-0000-000000000005', 'a1b2c3d4-0000-0000-0000-000000000001', 'Plumbing',     '22 00 00'),
  ('c0000006-0000-0000-0000-000000000006', 'a1b2c3d4-0000-0000-0000-000000000001', 'HVAC',         '23 00 00'),
  ('c0000007-0000-0000-0000-000000000007', 'a1b2c3d4-0000-0000-0000-000000000001', 'Finishes',     '09 00 00'),
  ('c0000008-0000-0000-0000-000000000008', 'a1b2c3d4-0000-0000-0000-000000000001', 'Roofing',      '07 00 00'),
  ('c0000009-0000-0000-0000-000000000009', 'a1b2c3d4-0000-0000-0000-000000000001', 'Fire Protection', '21 00 00'),
  ('c0000010-0000-0000-0000-000000000010', 'a1b2c3d4-0000-0000-0000-000000000001', 'Elevators',    '14 00 00');

-- ============================================================
-- Vendors / Subcontractors
-- ============================================================
insert into vendors (id, org_id, name, contact_email, trade_specialty) values
  ('d0000001-0000-0000-0000-000000000001', 'a1b2c3d4-0000-0000-0000-000000000001', 'Texas Concrete Solutions',     'bids[at]txconcrete.com',    'Concrete'),
  ('d0000002-0000-0000-0000-000000000002', 'a1b2c3d4-0000-0000-0000-000000000001', 'Hill Country Masonry',         'info[at]hcmasonry.com',     'Masonry'),
  ('d0000003-0000-0000-0000-000000000003', 'a1b2c3d4-0000-0000-0000-000000000001', 'Lone Star Steel Erectors',     'ops[at]lssteeel.com',       'Metals'),
  ('d0000004-0000-0000-0000-000000000004', 'a1b2c3d4-0000-0000-0000-000000000001', 'Spark Electric Inc',           'dispatch[at]sparkelectric.com', 'Electrical'),
  ('d0000005-0000-0000-0000-000000000005', 'a1b2c3d4-0000-0000-0000-000000000001', 'Capital Plumbing Co',          'service[at]capitalplumb.com', 'Plumbing'),
  ('d0000006-0000-0000-0000-000000000006', 'a1b2c3d4-0000-0000-0000-000000000001', 'CoolAir Mechanical',           'hvac[at]coolair.com',        'HVAC'),
  ('d0000007-0000-0000-0000-000000000007', 'a1b2c3d4-0000-0000-0000-000000000001', 'Premier Finishes LLC',         'sales[at]premierfinish.com', 'Finishes'),
  ('d0000008-0000-0000-0000-000000000008', 'a1b2c3d4-0000-0000-0000-000000000001', 'Guardian Roofing Systems',     'quotes[at]guardianroof.com', 'Roofing'),
  ('d0000009-0000-0000-0000-000000000009', 'a1b2c3d4-0000-0000-0000-000000000001', 'RedLine Fire Protection',      'fp[at]redlinefire.com',      'Fire Protection'),
  ('d0000010-0000-0000-0000-000000000010', 'a1b2c3d4-0000-0000-0000-000000000001', 'Summit Elevator Corp',         'install[at]summitelev.com',  'Elevators');

-- ============================================================
-- PRJ-001: Downtown Office Tower (28.5M) - 15 packages
-- Mix of on-budget, under-budget, and overspent
-- ============================================================
insert into packages (id, project_id, trade_id, org_id, name, description, original_budget, approved_changes, committed, invoiced, paid, status) values
  -- Concrete (3 packages)
  ('e0f00001-0000-0000-0000-000000000001', 'b0000001-0000-0000-0000-000000000001', 'c0000001-0000-0000-0000-000000000001', 'a1b2c3d4-0000-0000-0000-000000000001',
   'Foundation & Footings', 'Deep foundation system with caissons', 2800000.00, 125000.00, 2950000.00, 2750000.00, 2600000.00, 'open'),
  ('e0f00002-0000-0000-0000-000000000002', 'b0000001-0000-0000-0000-000000000001', 'c0000001-0000-0000-0000-000000000001', 'a1b2c3d4-0000-0000-0000-000000000001',
   'Elevated Slabs', 'Post-tensioned elevated deck slabs floors 2-18', 3200000.00, 0.00, 3100000.00, 2200000.00, 1900000.00, 'open'),
  ('e0f00003-0000-0000-0000-000000000003', 'b0000001-0000-0000-0000-000000000001', 'c0000001-0000-0000-0000-000000000001', 'a1b2c3d4-0000-0000-0000-000000000001',
   'Parking Garage Concrete', 'Below-grade parking structure', 1500000.00, 75000.00, 1600000.00, 1400000.00, 1300000.00, 'open'),

  -- Masonry (2 packages) - OVERSPENT
  ('e0f00004-0000-0000-0000-000000000004', 'b0000001-0000-0000-0000-000000000001', 'c0000002-0000-0000-0000-000000000002', 'a1b2c3d4-0000-0000-0000-000000000001',
   'Exterior Brick Veneer', 'Full brick veneer facade with limestone accents', 1800000.00, 220000.00, 2250000.00, 1800000.00, 1600000.00, 'open'),
  ('e0f00005-0000-0000-0000-000000000005', 'b0000001-0000-0000-0000-000000000001', 'c0000002-0000-0000-0000-000000000002', 'a1b2c3d4-0000-0000-0000-000000000001',
   'Interior CMU Walls', 'Load-bearing CMU partitions', 650000.00, 0.00, 680000.00, 500000.00, 450000.00, 'open'),

  -- Metals (2 packages)
  ('e0f00006-0000-0000-0000-000000000006', 'b0000001-0000-0000-0000-000000000001', 'c0000003-0000-0000-0000-000000000003', 'a1b2c3d4-0000-0000-0000-000000000001',
   'Structural Steel', 'Main steel frame with moment connections', 4200000.00, 180000.00, 4350000.00, 3800000.00, 3500000.00, 'open'),
  ('e0f00007-0000-0000-0000-000000000007', 'b0000001-0000-0000-0000-000000000001', 'c0000003-0000-0000-0000-000000000003', 'a1b2c3d4-0000-0000-0000-000000000001',
   'Misc Metals & Railings', 'Stair railings, bollards, misc steel', 380000.00, 45000.00, 410000.00, 320000.00, 280000.00, 'open'),

  -- Electrical (2 packages) - OVERSPENT
  ('e0f00008-0000-0000-0000-000000000008', 'b0000001-0000-0000-0000-000000000001', 'c0000004-0000-0000-0000-000000000004', 'a1b2c3d4-0000-0000-0000-000000000001',
   'Power Distribution', 'Main switchgear, panels, feeders', 2100000.00, 95000.00, 2400000.00, 1800000.00, 1500000.00, 'open'),
  ('e0f00009-0000-0000-0000-000000000009', 'b0000001-0000-0000-0000-000000000001', 'c0000004-0000-0000-0000-000000000004', 'a1b2c3d4-0000-0000-0000-000000000001',
   'Low Voltage & IT', 'Data, telecom, security, AV systems', 950000.00, 60000.00, 980000.00, 700000.00, 600000.00, 'open'),

  -- HVAC (2 packages)
  ('e0f00010-0000-0000-0000-000000000010', 'b0000001-0000-0000-0000-000000000001', 'c0000006-0000-0000-0000-000000000006', 'a1b2c3d4-0000-0000-0000-000000000001',
   'HVAC - Core System', 'Chillers, AHUs, VAV boxes, controls', 3500000.00, 150000.00, 3400000.00, 2500000.00, 2200000.00, 'open'),
  ('e0f00011-0000-0000-0000-000000000011', 'b0000001-0000-0000-0000-000000000001', 'c0000006-0000-0000-0000-000000000006', 'a1b2c3d4-0000-0000-0000-000000000001',
   'HVAC - Ductwork', 'Sheet metal ductwork and insulation', 1200000.00, 0.00, 1150000.00, 800000.00, 700000.00, 'open'),

  -- Finishes (2 packages)
  ('e0f00012-0000-0000-0000-000000000012', 'b0000001-0000-0000-0000-000000000001', 'c0000007-0000-0000-0000-000000000007', 'a1b2c3d4-0000-0000-0000-000000000001',
   'Drywall & Ceilings', 'Metal framing, drywall, ACT ceilings', 1600000.00, 85000.00, 1550000.00, 900000.00, 750000.00, 'open'),
  ('e0f00013-0000-0000-0000-000000000013', 'b0000001-0000-0000-0000-000000000001', 'c0000007-0000-0000-0000-000000000007', 'a1b2c3d4-0000-0000-0000-000000000001',
   'Flooring & Paint', 'Carpet, VCT, ceramic tile, painting', 1100000.00, 0.00, 950000.00, 400000.00, 300000.00, 'open'),

  -- Elevators
  ('e0f00014-0000-0000-0000-000000000014', 'b0000001-0000-0000-0000-000000000001', 'c0000010-0000-0000-0000-000000000010', 'a1b2c3d4-0000-0000-0000-000000000001',
   'Passenger Elevators (4)', 'Four traction elevators with machine room', 2200000.00, 0.00, 2200000.00, 1100000.00, 900000.00, 'open'),

  -- Roofing
  ('e0f00015-0000-0000-0000-000000000015', 'b0000001-0000-0000-0000-000000000001', 'c0000008-0000-0000-0000-000000000008', 'a1b2c3d4-0000-0000-0000-000000000001',
   'Roof Membrane System', 'TPO roof with rigid insulation', 480000.00, 30000.00, 490000.00, 350000.00, 300000.00, 'open');

-- ============================================================
-- PRJ-002: Riverside Medical Center (42M) - 18 packages
-- ============================================================
insert into packages (id, project_id, trade_id, org_id, name, description, original_budget, approved_changes, committed, invoiced, paid, status) values
  -- Concrete
  ('e0f00016-0000-0000-0000-000000000016', 'b0000002-0000-0000-0000-000000000002', 'c0000001-0000-0000-0000-000000000001', 'a1b2c3d4-0000-0000-0000-000000000001',
   'Foundation Mat Slab', 'Reinforced mat foundation for medical equipment loads', 3800000.00, 200000.00, 3750000.00, 2800000.00, 2500000.00, 'open'),
  ('e0f00017-0000-0000-0000-000000000017', 'b0000002-0000-0000-0000-000000000002', 'c0000001-0000-0000-0000-000000000001', 'a1b2c3d4-0000-0000-0000-000000000001',
   'Structural Concrete', 'Cast-in-place columns and shear walls', 4500000.00, 0.00, 4300000.00, 3000000.00, 2700000.00, 'open'),

  -- Masonry - OVERSPENT (material price surge)
  ('e0f00018-0000-0000-0000-000000000018', 'b0000002-0000-0000-0000-000000000002', 'c0000002-0000-0000-0000-000000000002', 'a1b2c3d4-0000-0000-0000-000000000001',
   'Exterior Stone Cladding', 'Natural stone facade with thermal barrier', 2400000.00, 350000.00, 3100000.00, 2200000.00, 1900000.00, 'open'),
  ('e0f00019-0000-0000-0000-000000000019', 'b0000002-0000-0000-0000-000000000002', 'c0000002-0000-0000-0000-000000000002', 'a1b2c3d4-0000-0000-0000-000000000001',
   'Interior Masonry Partitions', 'CMU walls for radiation shielding', 900000.00, 120000.00, 1050000.00, 800000.00, 700000.00, 'open'),

  -- Metals
  ('e0f00020-0000-0000-0000-000000000020', 'b0000002-0000-0000-0000-000000000002', 'c0000003-0000-0000-0000-000000000003', 'a1b2c3d4-0000-0000-0000-000000000001',
   'Structural Steel Frame', 'Heavy steel for long-span surgical suites', 5800000.00, 300000.00, 5900000.00, 4200000.00, 3800000.00, 'open'),

  -- Electrical (3 packages) - medical has complex electrical
  ('e0f00021-0000-0000-0000-000000000021', 'b0000002-0000-0000-0000-000000000002', 'c0000004-0000-0000-0000-000000000004', 'a1b2c3d4-0000-0000-0000-000000000001',
   'Normal Power', 'Main electrical distribution and panels', 2800000.00, 0.00, 2750000.00, 1800000.00, 1500000.00, 'open'),
  ('e0f00022-0000-0000-0000-000000000022', 'b0000002-0000-0000-0000-000000000002', 'c0000004-0000-0000-0000-000000000004', 'a1b2c3d4-0000-0000-0000-000000000001',
   'Emergency Power & Generator', 'Life safety generator and transfer switches', 1800000.00, 150000.00, 1900000.00, 1200000.00, 1000000.00, 'open'),
  ('e0f00023-0000-0000-0000-000000000023', 'b0000002-0000-0000-0000-000000000002', 'c0000004-0000-0000-0000-000000000004', 'a1b2c3d4-0000-0000-0000-000000000001',
   'Nurse Call & Medical IT', 'Nurse call, RTLS, medical device network', 1200000.00, 80000.00, 1250000.00, 600000.00, 450000.00, 'open'),

  -- Plumbing (2 packages) - medical grade
  ('e0f00024-0000-0000-0000-000000000024', 'b0000002-0000-0000-0000-000000000002', 'c0000005-0000-0000-0000-000000000005', 'a1b2c3d4-0000-0000-0000-000000000001',
   'Medical Gas Systems', 'Oxygen, vacuum, air, nitrogen piping', 1600000.00, 0.00, 1550000.00, 900000.00, 750000.00, 'open'),
  ('e0f00025-0000-0000-0000-000000000025', 'b0000002-0000-0000-0000-000000000002', 'c0000005-0000-0000-0000-000000000005', 'a1b2c3d4-0000-0000-0000-000000000001',
   'Domestic & Waste Plumbing', 'Hot/cold water, sanitary, storm drainage', 2200000.00, 100000.00, 2180000.00, 1500000.00, 1300000.00, 'open'),

  -- HVAC (2 packages)
  ('e0f00026-0000-0000-0000-000000000026', 'b0000002-0000-0000-0000-000000000002', 'c0000006-0000-0000-0000-000000000006', 'a1b2c3d4-0000-0000-0000-000000000001',
   'Central Plant', 'Chillers, boilers, cooling towers', 4200000.00, 200000.00, 4100000.00, 2800000.00, 2400000.00, 'open'),
  ('e0f00027-0000-0000-0000-000000000027', 'b0000002-0000-0000-0000-000000000002', 'c0000006-0000-0000-0000-000000000006', 'a1b2c3d4-0000-0000-0000-000000000001',
   'Air Handling & Controls', 'AHUs with HEPA filtration for ORs, BMS controls', 3200000.00, 175000.00, 3300000.00, 2000000.00, 1700000.00, 'open'),

  -- Finishes
  ('e0f00028-0000-0000-0000-000000000028', 'b0000002-0000-0000-0000-000000000002', 'c0000007-0000-0000-0000-000000000007', 'a1b2c3d4-0000-0000-0000-000000000001',
   'Interior Finishes - Patient Areas', 'Anti-microbial flooring, wall protection, ceilings', 2600000.00, 0.00, 2450000.00, 1200000.00, 1000000.00, 'open'),
  ('e0f00029-0000-0000-0000-000000000029', 'b0000002-0000-0000-0000-000000000002', 'c0000007-0000-0000-0000-000000000007', 'a1b2c3d4-0000-0000-0000-000000000001',
   'Interior Finishes - OR Suites', 'Stainless panels, seamless flooring, LED surgical lights', 1800000.00, 0.00, 1750000.00, 800000.00, 600000.00, 'open'),

  -- Fire Protection
  ('e0f00030-0000-0000-0000-000000000030', 'b0000002-0000-0000-0000-000000000002', 'c0000009-0000-0000-0000-000000000009', 'a1b2c3d4-0000-0000-0000-000000000001',
   'Fire Sprinkler System', 'Wet pipe with specialized OR coverage', 1400000.00, 60000.00, 1380000.00, 900000.00, 800000.00, 'open'),

  -- Roofing
  ('e0f00031-0000-0000-0000-000000000031', 'b0000002-0000-0000-0000-000000000002', 'c0000008-0000-0000-0000-000000000008', 'a1b2c3d4-0000-0000-0000-000000000001',
   'Roofing & Waterproofing', 'Multi-layer roof with helipad reinforcement', 1100000.00, 0.00, 1050000.00, 600000.00, 500000.00, 'open'),

  -- Elevators
  ('e0f00032-0000-0000-0000-000000000032', 'b0000002-0000-0000-0000-000000000002', 'c0000010-0000-0000-0000-000000000010', 'a1b2c3d4-0000-0000-0000-000000000001',
   'Elevators (6) incl. Bed Lifts', 'Four passenger + two oversized bed/gurney elevators', 3400000.00, 0.00, 3400000.00, 1700000.00, 1400000.00, 'open');

-- ============================================================
-- PRJ-003: Lakewood Elementary Renovation (8.2M) - 12 packages
-- ============================================================
insert into packages (id, project_id, trade_id, org_id, name, description, original_budget, approved_changes, committed, invoiced, paid, status) values
  -- Concrete
  ('e0f00033-0000-0000-0000-000000000033', 'b0000003-0000-0000-0000-000000000003', 'c0000001-0000-0000-0000-000000000001', 'a1b2c3d4-0000-0000-0000-000000000001',
   'Slab Repair & New Sidewalks', 'Remove and replace damaged slabs, new ADA ramps', 420000.00, 35000.00, 430000.00, 380000.00, 350000.00, 'open'),

  -- Masonry
  ('e0f00034-0000-0000-0000-000000000034', 'b0000003-0000-0000-0000-000000000003', 'c0000002-0000-0000-0000-000000000002', 'a1b2c3d4-0000-0000-0000-000000000001',
   'Masonry Repairs & Tuckpointing', 'Repoint existing brick, new CMU gym walls', 580000.00, 0.00, 560000.00, 450000.00, 400000.00, 'open'),

  -- Metals
  ('e0f00035-0000-0000-0000-000000000035', 'b0000003-0000-0000-0000-000000000003', 'c0000003-0000-0000-0000-000000000003', 'a1b2c3d4-0000-0000-0000-000000000001',
   'Structural Reinforcement', 'New steel beams for gym roof, canopy framing', 650000.00, 40000.00, 680000.00, 550000.00, 500000.00, 'open'),

  -- Electrical - OVERSPENT
  ('e0f00036-0000-0000-0000-000000000036', 'b0000003-0000-0000-0000-000000000003', 'c0000004-0000-0000-0000-000000000004', 'a1b2c3d4-0000-0000-0000-000000000001',
   'Electrical Upgrade', 'New panels, LED lighting, fire alarm upgrade', 1200000.00, 85000.00, 1450000.00, 1100000.00, 950000.00, 'open'),

  -- Plumbing
  ('e0f00037-0000-0000-0000-000000000037', 'b0000003-0000-0000-0000-000000000003', 'c0000005-0000-0000-0000-000000000005', 'a1b2c3d4-0000-0000-0000-000000000001',
   'Plumbing Renovation', 'Replace aging domestic water, new restroom fixtures', 750000.00, 60000.00, 780000.00, 600000.00, 520000.00, 'open'),

  -- HVAC
  ('e0f00038-0000-0000-0000-000000000038', 'b0000003-0000-0000-0000-000000000003', 'c0000006-0000-0000-0000-000000000006', 'a1b2c3d4-0000-0000-0000-000000000001',
   'HVAC Replacement', 'New RTUs, ductwork replacement, controls upgrade', 1800000.00, 0.00, 1720000.00, 1200000.00, 1050000.00, 'open'),

  -- Finishes (3 packages)
  ('e0f00039-0000-0000-0000-000000000039', 'b0000003-0000-0000-0000-000000000003', 'c0000007-0000-0000-0000-000000000007', 'a1b2c3d4-0000-0000-0000-000000000001',
   'Classroom Finishes', 'New flooring, paint, ceiling tiles for 24 classrooms', 900000.00, 0.00, 850000.00, 700000.00, 650000.00, 'open'),
  ('e0f00040-0000-0000-0000-000000000040', 'b0000003-0000-0000-0000-000000000003', 'c0000007-0000-0000-0000-000000000007', 'a1b2c3d4-0000-0000-0000-000000000001',
   'Gymnasium Finishes', 'Hardwood gym floor, bleachers, wall padding', 480000.00, 25000.00, 520000.00, 400000.00, 350000.00, 'open'),
  ('e0f00041-0000-0000-0000-000000000041', 'b0000003-0000-0000-0000-000000000003', 'c0000007-0000-0000-0000-000000000007', 'a1b2c3d4-0000-0000-0000-000000000001',
   'Cafeteria Renovation', 'New serving line, commercial flooring, acoustical ceiling', 350000.00, 0.00, 340000.00, 280000.00, 250000.00, 'open'),

  -- Roofing
  ('e0f00042-0000-0000-0000-000000000042', 'b0000003-0000-0000-0000-000000000003', 'c0000008-0000-0000-0000-000000000008', 'a1b2c3d4-0000-0000-0000-000000000001',
   'Full Roof Replacement', 'Remove built-up roof, install new TPO system', 620000.00, 0.00, 590000.00, 500000.00, 450000.00, 'open'),

  -- Fire Protection
  ('e0f00043-0000-0000-0000-000000000043', 'b0000003-0000-0000-0000-000000000003', 'c0000009-0000-0000-0000-000000000009', 'a1b2c3d4-0000-0000-0000-000000000001',
   'Fire Sprinkler Upgrade', 'Extend coverage to gym addition, code compliance', 320000.00, 15000.00, 310000.00, 250000.00, 220000.00, 'open'),

  -- Plumbing extra
  ('e0f00044-0000-0000-0000-000000000044', 'b0000003-0000-0000-0000-000000000003', 'c0000005-0000-0000-0000-000000000005', 'a1b2c3d4-0000-0000-0000-000000000001',
   'Kitchen Plumbing', 'Grease trap, commercial sinks, dishwasher hookup', 280000.00, 0.00, 270000.00, 220000.00, 200000.00, 'open');

-- ============================================================
-- Sample Change Orders
-- ============================================================
insert into change_orders (id, package_id, project_id, org_id, co_number, description, amount, status, submitted_date, approved_date) values
  ('f0000001-0000-0000-0000-000000000001', 'e0f00001-0000-0000-0000-000000000001', 'b0000001-0000-0000-0000-000000000001', 'a1b2c3d4-0000-0000-0000-000000000001',
   'CO-001', 'Additional caisson depth due to unexpected soil conditions', 125000.00, 'approved', '2025-04-15', '2025-04-22'),
  ('f0000002-0000-0000-0000-000000000002', 'e0f00004-0000-0000-0000-000000000004', 'b0000001-0000-0000-0000-000000000001', 'a1b2c3d4-0000-0000-0000-000000000001',
   'CO-002', 'Architect revised facade pattern - additional limestone banding', 220000.00, 'approved', '2025-06-01', '2025-06-10'),
  ('f0000003-0000-0000-0000-000000000003', 'e0f00006-0000-0000-0000-000000000006', 'b0000001-0000-0000-0000-000000000001', 'a1b2c3d4-0000-0000-0000-000000000001',
   'CO-003', 'Added moment frame at elevator shaft per structural review', 180000.00, 'approved', '2025-05-20', '2025-05-28'),
  ('f0000004-0000-0000-0000-000000000004', 'e0f00018-0000-0000-0000-000000000018', 'b0000002-0000-0000-0000-000000000002', 'a1b2c3d4-0000-0000-0000-000000000001',
   'CO-004', 'Material price escalation - imported stone delayed 3 months', 350000.00, 'approved', '2025-08-10', '2025-08-18'),
  ('f0000005-0000-0000-0000-000000000005', 'e0f00036-0000-0000-0000-000000000036', 'b0000003-0000-0000-0000-000000000003', 'a1b2c3d4-0000-0000-0000-000000000001',
   'CO-005', 'Discovered asbestos in existing conduit runs - abatement required', 85000.00, 'approved', '2025-10-05', '2025-10-12'),
  ('f0000006-0000-0000-0000-000000000006', 'e0f00008-0000-0000-0000-000000000008', 'b0000001-0000-0000-0000-000000000001', 'a1b2c3d4-0000-0000-0000-000000000001',
   'CO-006', 'Tenant requested dedicated 800A service for data center floor', 95000.00, 'approved', '2025-07-15', '2025-07-22'),
  ('f0000007-0000-0000-0000-000000000007', 'e0f00026-0000-0000-0000-000000000026', 'b0000002-0000-0000-0000-000000000002', 'a1b2c3d4-0000-0000-0000-000000000001',
   'CO-007', 'Upgraded chiller capacity for future expansion wing', 200000.00, 'approved', '2025-09-01', '2025-09-10'),
  ('f0000008-0000-0000-0000-000000000008', 'e0f00010-0000-0000-0000-000000000010', 'b0000001-0000-0000-0000-000000000001', 'a1b2c3d4-0000-0000-0000-000000000001',
   'CO-008', 'Added VRF system for executive suites per owner request', 150000.00, 'approved', '2025-08-20', '2025-08-28'),
  -- Pending change orders
  ('f0000009-0000-0000-0000-000000000009', 'e0f00020-0000-0000-0000-000000000020', 'b0000002-0000-0000-0000-000000000002', 'a1b2c3d4-0000-0000-0000-000000000001',
   'PCO-001', 'Steel price escalation claim from sub', 185000.00, 'pending', '2026-01-15', null),
  ('f0000010-0000-0000-0000-000000000010', 'e0f00027-0000-0000-0000-000000000027', 'b0000002-0000-0000-0000-000000000002', 'a1b2c3d4-0000-0000-0000-000000000001',
   'PCO-002', 'Upgrade BMS to integrate with hospital EMR system', 95000.00, 'pending', '2026-02-01', null);

-- ============================================================
-- Sample Commitments
-- ============================================================
insert into commitments (id, package_id, vendor_id, org_id, commitment_type, reference_number, amount, description, status) values
  ('ca000001-0000-0000-0000-000000000001', 'e0f00001-0000-0000-0000-000000000001', 'd0000001-0000-0000-0000-000000000001', 'a1b2c3d4-0000-0000-0000-000000000001',
   'subcontract', 'SC-2025-001', 2950000.00, 'Foundation and footings complete package', 'active'),
  ('ca000002-0000-0000-0000-000000000002', 'e0f00004-0000-0000-0000-000000000004', 'd0000002-0000-0000-0000-000000000002', 'a1b2c3d4-0000-0000-0000-000000000001',
   'subcontract', 'SC-2025-002', 2250000.00, 'Exterior brick veneer with limestone accents', 'active'),
  ('ca000003-0000-0000-0000-000000000003', 'e0f00006-0000-0000-0000-000000000006', 'd0000003-0000-0000-0000-000000000003', 'a1b2c3d4-0000-0000-0000-000000000001',
   'subcontract', 'SC-2025-003', 4350000.00, 'Structural steel erection', 'active'),
  ('ca000004-0000-0000-0000-000000000004', 'e0f00008-0000-0000-0000-000000000008', 'd0000004-0000-0000-0000-000000000004', 'a1b2c3d4-0000-0000-0000-000000000001',
   'subcontract', 'SC-2025-004', 2400000.00, 'Power distribution complete', 'active'),
  ('ca000005-0000-0000-0000-000000000005', 'e0f00010-0000-0000-0000-000000000010', 'd0000006-0000-0000-0000-000000000006', 'a1b2c3d4-0000-0000-0000-000000000001',
   'subcontract', 'SC-2025-005', 3400000.00, 'HVAC core system installation', 'active'),
  ('ca000006-0000-0000-0000-000000000006', 'e0f00036-0000-0000-0000-000000000036', 'd0000004-0000-0000-0000-000000000004', 'a1b2c3d4-0000-0000-0000-000000000001',
   'subcontract', 'SC-2025-010', 1450000.00, 'Electrical upgrade with LED and fire alarm', 'active');

-- ============================================================
-- Sample Invoices
-- ============================================================
insert into invoices (id, commitment_id, package_id, org_id, invoice_number, amount, invoice_date, due_date, status) values
  ('01b00001-0000-0000-0000-000000000001', 'ca000001-0000-0000-0000-000000000001', 'e0f00001-0000-0000-0000-000000000001', 'a1b2c3d4-0000-0000-0000-000000000001',
   'INV-TCS-001', 1200000.00, '2025-06-30', '2025-07-30', 'paid'),
  ('01b00002-0000-0000-0000-000000000002', 'ca000001-0000-0000-0000-000000000001', 'e0f00001-0000-0000-0000-000000000001', 'a1b2c3d4-0000-0000-0000-000000000001',
   'INV-TCS-002', 1000000.00, '2025-08-31', '2025-09-30', 'paid'),
  ('01b00003-0000-0000-0000-000000000003', 'ca000001-0000-0000-0000-000000000001', 'e0f00001-0000-0000-0000-000000000001', 'a1b2c3d4-0000-0000-0000-000000000001',
   'INV-TCS-003', 550000.00, '2025-10-31', '2025-11-30', 'approved'),
  ('01b00004-0000-0000-0000-000000000004', 'ca000002-0000-0000-0000-000000000002', 'e0f00004-0000-0000-0000-000000000004', 'a1b2c3d4-0000-0000-0000-000000000001',
   'INV-HCM-001', 900000.00, '2025-07-31', '2025-08-30', 'paid'),
  ('01b00005-0000-0000-0000-000000000005', 'ca000002-0000-0000-0000-000000000002', 'e0f00004-0000-0000-0000-000000000004', 'a1b2c3d4-0000-0000-0000-000000000001',
   'INV-HCM-002', 900000.00, '2025-09-30', '2025-10-30', 'approved'),
  ('01b00006-0000-0000-0000-000000000006', 'ca000003-0000-0000-0000-000000000003', 'e0f00006-0000-0000-0000-000000000006', 'a1b2c3d4-0000-0000-0000-000000000001',
   'INV-LSS-001', 2200000.00, '2025-07-15', '2025-08-15', 'paid'),
  ('01b00007-0000-0000-0000-000000000007', 'ca000003-0000-0000-0000-000000000003', 'e0f00006-0000-0000-0000-000000000006', 'a1b2c3d4-0000-0000-0000-000000000001',
   'INV-LSS-002', 1600000.00, '2025-09-30', '2025-10-30', 'approved'),
  ('01b00008-0000-0000-0000-000000000008', 'ca000006-0000-0000-0000-000000000006', 'e0f00036-0000-0000-0000-000000000036', 'a1b2c3d4-0000-0000-0000-000000000001',
   'INV-SE-001', 650000.00, '2025-11-30', '2025-12-30', 'paid'),
  ('01b00009-0000-0000-0000-000000000009', 'ca000006-0000-0000-0000-000000000006', 'e0f00036-0000-0000-0000-000000000036', 'a1b2c3d4-0000-0000-0000-000000000001',
   'INV-SE-002', 450000.00, '2026-01-15', '2026-02-15', 'pending');
